hs_92_code,sector_name,product_name
9701,Textiles,Paintings and drawings
5402,Textiles,Synthetic filament yarn
9405,Textiles,Lamps
6506,Textiles,Other headgear
5404,Textiles,"Synthetic monofilament >67 dtex, thickness < 1mm"
5510,Textiles,"Yarn of artificial staple fibers, not for retail sale"
6401,Textiles,Waterproof footwear
5406,Textiles,Synthetic filament yarn for retail sale
6309,Textiles,Used clothes and textiles
6404,Textiles,Textile footwear
5801,Textiles,Woven pile fabrics
9705,Textiles,Collectors pieces
5209,Textiles,Woven fabrics of cotton of < 85% weighing > 200 g/m2
6214,Textiles,"Shawls, scarves, etc."
6104,Textiles,"Women's suits, knit"
6204,Textiles,Women's suits and pants
5309,Textiles,Woven fabrics of flax
5515,Textiles,Other woven fabrics of synthetic staple fibers
5803,Textiles,Gauze
6602,Textiles,Walking sticks
6108,Textiles,"Women's undergarments, knit"
6601,Textiles,Umbrellas
6207,Textiles,Men's undergarments
6217,Textiles,Other clothing accesories
9406,Textiles,Prefabricated buildings
6105,Textiles,"Men's shirts, knit"
5403,Textiles,Artificial filament yarn
5401,Textiles,Synthetic sowing thread
5202,Textiles,Cotton waste
5908,Textiles,Textile wicks
6703,Textiles,Human animal hair prepared for use in wigs
5701,Textiles,"Carpets, knotted"
5205,Textiles,Cotton yarn of > 85%
5703,Textiles,"Carpets, tufted"
5806,Textiles,Narrow woven fabrics
6102,Textiles,"Women's overcoats, knit"
5608,Textiles,Nets
5503,Textiles,Synthetic staple fibers
5505,Textiles,Waste of man-made fibers
5508,Textiles,Synthetic staple fibers sewing thread
5802,Textiles,Terry cloth
6406,Textiles,Parts of footwear
5511,Textiles,"Yarn of synthetic staple fibers, for retail sale"
6403,Textiles,Leather Shoes
6212,Textiles,Brassieres
6211,Textiles,Activewear
5906,Textiles,Rubberized textile fabrics
5112,Textiles,Woven fabrics of combed wool
5504,Textiles,"Artificial staple fibers, not processed for spinning"
5408,Textiles,Woven fabrics of artificial filament yarn
5208,Textiles,Woven fabrics of cotton of > 85% weighing < 200 g/m2
6402,Textiles,Other footwear of rubber or plastics
6502,Textiles,Hat shapes
6001,Textiles,"Pile fabrics, knit"
9703,Textiles,Sculptures
9403,Textiles,Furniture
5210,Textiles,Woven fabrics of cotton of < 85% weighing < 200 g/m2
6505,Textiles,"Hats, knit"
5101,Textiles,Wool
9404,Textiles,Mattresses and bedding
6702,Textiles,Artificial flowers
6501,Textiles,Hat forms
5809,Textiles,Woven fabric incorporating metal threads
5604,Textiles,Rubber textiles
9706,Textiles,Antiques >100 years
5007,Textiles,Woven silk fabrics
6310,Textiles,Used or new rags textile scraps
5109,Textiles,"Yarn of wool or animal hair, for retail sale"
5405,Textiles,"Artificial monofilament >67dtex t<1mm, strip, straws t<5mm"
5808,Textiles,Braids in piece
6209,Textiles,Babies' garments
9401,Textiles,Seats
6205,Textiles,Men's shirts
5509,Textiles,"Yarn of synthetic staple fibers, not for retail sale"
6206,Textiles,Women's shirts
5207,Textiles,Cotton yarn for retail sale
6303,Textiles,Curtains
5307,Textiles,Yarn of textile bast fibers
6216,Textiles,Gloves
6306,Textiles,"Tents, tarpaulins, etc."
6106,Textiles,"Women's shirts, knit"
6503,Textiles,Felt hats
6507,Textiles,Headbands
5201,Textiles,Raw cotton
6117,Textiles,"Other clothing accesories, knit"
5502,Textiles,Artificial filament tow
6115,Textiles,"Socks, stockings, etc., knit"
5301,Textiles,"Flax, raw or processed"
5702,Textiles,Woven carpets and rugs
5907,Textiles,"Other textile fabrics impregnated, coated or covered"
5609,Textiles,"Articles of yarn, rope etc not elsewhere clasified"
5105,Textiles,"Wool, combed"
6113,Textiles,Garments knit with impregnated fibers
6208,Textiles,Women's undergarments
5602,Textiles,Felt
5601,Textiles,Wadding of textile materials
5606,Textiles,Gimp yarn
5903,Textiles,Textile fabrics impregnated with plastics
6112,Textiles,"Activewear, knit"
5704,Textiles,Carpets of felt
5512,Textiles,Woven fabrics of > 85% synthetic staple fibers
5904,Textiles,Linoleum
6107,Textiles,"Men's undergarments, knit"
5006,Textiles,"Silk yarn, for retail sale"
6201,Textiles,"Men's overcoats, not knit"
6304,Textiles,Other furnishing articles
6103,Textiles,"Men's suits, knit"
6111,Textiles,"Babies' garments, knit"
6203,Textiles,Men's suits and pants
5514,Textiles,Woven fabrics of < 85% synthetic staple fibers weighing > 170 g/m2
6308,Textiles,Needlecraft sets of woven fabric and yarn
5911,Textiles,Textile articles for technical use
5306,Textiles,Flax yarn
5501,Textiles,Synthetic filament tow
6504,Textiles,Hats
5603,Textiles,Nonwoven textiles
5607,Textiles,Twine and ropes of baste fibers
6301,Textiles,Blankets
6110,Textiles,"Sweaters, pullovers, sweatshirts etc., knit"
6114,Textiles,"Other garments, knit"
5507,Textiles,"Artificial staple fibers, processed"
5516,Textiles,Woven fabrics of artificial staple fibers
6302,Textiles,House linen
5905,Textiles,Textile wall coverings
5302,Textiles,Hemp fiber
5303,Textiles,Textile bast fibers
5310,Textiles,Woven fabrics of jute or of other textile bast fibers
5805,Textiles,Hand-woven tapestries
5104,Textiles,Wool Stock
5909,Textiles,Textile hosepiping and similar tubing
5203,Textiles,"Cotton, carded or combed"
6002,Textiles,Other knitted fabrics
5004,Textiles,Silk yarn
9702,Textiles,Original engravings
6305,Textiles,Bags for packing goods
5311,Textiles,Woven fabrics of vegetable textile fibers
6101,Textiles,"Men's overcoats, knit"
5810,Textiles,Embroidery in the piece
5204,Textiles,Cotton sewing thread
6603,Textiles,Parts of umbrellas or walking sticks
9704,Textiles,Postage or revenue stamps
5107,Textiles,"Yarn of combed wool, not for retail sale"
5106,Textiles,"Yarn of carded wool, not for retail sale"
5212,Textiles,Other woven cotton fabrics
5605,Textiles,Metallised yarn
5304,Textiles,Sisal and agave fibers
6109,Textiles,"T-shirts, knit"
5513,Textiles,Woven fabrics of < 85% synthetic staple fibers weighing < 170 g/m2
5910,Textiles,"Transmission belts or belting, of textile material"
6701,Textiles,Feathers or down
5407,Textiles,Woven fabrics of synthetic filament yarn
5807,Textiles,Labels and badges of textiles
9402,Textiles,"Medical, dental or veterinary furniture"
5111,Textiles,Carded Wool Fabric
5308,Textiles,Yarn of other vegetable textile fibers
5005,Textiles,Yarn from silk waste
5113,Textiles,Woven fabrics of coarse animal hair
5705,Textiles,Other carpets
5206,Textiles,Cotton yarn of < 85%
5102,Textiles,Animal hair
6202,Textiles,"Womens overcoats, not knit"
5804,Textiles,Lace and net fabrics
6215,Textiles,"Ties, bow ties and cravats"
6405,Textiles,Other footwear
5003,Textiles,Silk waste
5901,Textiles,Stiffened textiles
6210,Textiles,Garments made of textile felts and nonwoven fabric
5902,Textiles,Tire cord fabric
6213,Textiles,Handkerchiefs
5110,Textiles,Yarn of coarse animal hair or of horsehair
5506,Textiles,"Synthetic staple fibers, processed"
5811,Textiles,Quilted textile products
5001,Textiles,Silkworm cocoons
6704,Textiles,Wigs
6307,Textiles,Other made up articles
5211,Textiles,Woven fabrics of cotton of < 85% weighing > 200 g/m2
5305,Textiles,Vegetable textile fibers
6116,Textiles,"Gloves, knit"
5108,Textiles,"Yarn of animal hair, not for retail sale"
5002,Textiles,Raw silk
5103,Textiles,Wool or animal hair waste
0307,Agriculture,Molluscs
0408,Agriculture,Egg yolks
0406,Agriculture,Cheese
4404,Agriculture,Strips and other pieces of wood
1517,Agriculture,Margarine
1515,Agriculture,Other vegetable fats and oils
2004,Agriculture,"Other vegetables, frozen"
1703,Agriculture,Molasses
4104,Agriculture,Tanned hides of bovines or equines
0209,Agriculture,Pig and poultry fat
0714,Agriculture,Tubers
1903,Agriculture,Tapioca
4415,Agriculture,Packing boxes
0804,Agriculture,"Avocados, pineapples, mangos, etc."
4806,Agriculture,Transparent paper
4903,Agriculture,Children's books
1601,Agriculture,Sausages
0507,Agriculture,Whalebone & horns
0805,Agriculture,Citrus fruit
0409,Agriculture,Honey
1211,Agriculture,"Plants used in perfumery, pharmacy or insecticide"
1206,Agriculture,Sunflower seeds
0301,Agriculture,Live Fish
2008,Agriculture,"Fruits and nuts, otherwise prepared"
4707,Agriculture,Paper waste
4417,Agriculture,Wooden tools
0306,Agriculture,Crustaceans
2201,Agriculture,Waters
0203,Agriculture,Pork
0104,Agriculture,Sheep
4823,Agriculture,Other paper cut to size
0808,Agriculture,Apples & pears
0811,Agriculture,"Fruits and nuts, frozen"
2007,Agriculture,"Jams, jellies and marmalades"
1806,Agriculture,Chocolates
1520,Agriculture,Glycerol
1504,Agriculture,Fish oils
2403,Agriculture,Other manufactured tobacco
1506,Agriculture,Other animal fats and oils
2308,Agriculture,Vegetable materials for animal feeding
4905,Agriculture,Maps
1108,Agriculture,Starches
4602,Agriculture,Basketwork
1301,Agriculture,Lac
0305,Agriculture,Preserved fish
0803,Agriculture,Bananas and plantains
1401,Agriculture,Vegetable materials used for plaiting
0206,Agriculture,Edible offal
4412,Agriculture,Plywood
4201,Agriculture,Saddlery and harnesses
4301,Agriculture,Other raw furskins
4414,Agriculture,Wooden frames
0701,Agriculture,Potatoes
1511,Agriculture,Palm oil
0504,Agriculture,"Animal guts, except fish"
0207,Agriculture,Poultry
4911,Agriculture,Other printed matter
4102,Agriculture,Raw skins of sheep or lambs
1904,Agriculture,Cereal foods
4821,Agriculture,Paper labels
4805,Agriculture,Other uncoated paper and paperboard
4907,Agriculture,Unused stamps
4420,Agriculture,"Wood marquetry, ornaments, etc."
1801,Agriculture,Cocoa beans
2001,Agriculture,Pickled fruits and vegetables
1107,Agriculture,Malt
0402,Agriculture,"Milk, concentrated"
1502,Agriculture,"Bovine, sheep and goat fats"
0908,Agriculture,Nutmeg
4419,Agriculture,Wooden kitchenware
4810,Agriculture,"Paper and paperboard, coated with kaolin"
0602,Agriculture,Other live plants
0303,Agriculture,"Frozen fish, excluding fillets"
2106,Agriculture,Food preparations n.e.c.
0705,Agriculture,Lettuce
2204,Agriculture,Wine
4904,Agriculture,"Music, printed or in manuscript"
0909,Agriculture,"Anise, fennel, etc."
0505,Agriculture,Feathers and down
4809,Agriculture,Carbon paper
0403,Agriculture,Fermented milk products
4811,Agriculture,"Cellulose wadding, coated"
4409,Agriculture,Wood shaped along its edges
2205,Agriculture,Flavored Wine
1008,Agriculture,Other cereals
1803,Agriculture,Cocoa paste
0702,Agriculture,Tomatoes
4817,Agriculture,Letterstock
0302,Agriculture,"Fish, excluding fillets"
0501,Agriculture,"Human hair, unworked"
2103,Agriculture,Sauces and seasonings
0901,Agriculture,Coffee
2402,Agriculture,Cigars and cigarettes
0401,Agriculture,Milk
4403,Agriculture,Wood in the rough
1210,Agriculture,Hop cones
4812,Agriculture,Filter blocks of paper pulp
1901,Agriculture,Malt extract
4407,Agriculture,Wood sawn lengthwise
4819,Agriculture,Cardboard packing containers
0210,Agriculture,Preserved meat
4816,Agriculture,Other carbon paper
4105,Agriculture,Tanned sheepskins
0604,Agriculture,Other parts of plants
2301,Agriculture,"Flours of fish, for animal feed"
1004,Agriculture,Oats
1214,Agriculture,Forage products
2005,Agriculture,"Other vegetables, prepared or preserved"
4103,Agriculture,Other raw hides and skins
0801,Agriculture,Cashew nuts & coconuts
1501,Agriculture,"Pig and poultry fat, rendered"
0713,Agriculture,"Legumes, dried"
4701,Agriculture,Mechanical woodpulp
1902,Agriculture,Pasta
1104,Agriculture,Worked cereal grains
0709,Agriculture,Other vegetables
4703,Agriculture,"Chemical woodpulp, soda or sulfate"
1905,Agriculture,Bakery products
4908,Agriculture,Transfers (decalcomanias)
0708,Agriculture,Legumes
0703,Agriculture,"Onions, shallots, garlic"
4411,Agriculture,Fiberboard of wood
0510,Agriculture,Animal products used in pharmaceuticals
1508,Agriculture,Peanut oil
4410,Agriculture,Particle board and similar board
4803,Agriculture,Tissue
2309,Agriculture,Animal feed
1102,Agriculture,Cereal flours
4502,Agriculture,"Natural cork, debacked"
1006,Agriculture,Rice
0809,Agriculture,Peaches & cherries
0704,Agriculture,"Cabbages, cauliflowers, broccoli"
1207,Agriculture,Other oil seeds
4304,Agriculture,Artificial fur
4406,Agriculture,Wooden railway ties
4418,Agriculture,Wood carpentry for construction
0204,Agriculture,Lamb
1404,Agriculture,Vegetable products n.e.c.
0304,Agriculture,Fish fillets
0802,Agriculture,Other nuts
2303,Agriculture,Starch residues
1505,Agriculture,Wool grease
0710,Agriculture,Frozen vegetables
0205,Agriculture,Horse meat
0711,Agriculture,"Vegetables, provisionally preserved"
0103,Agriculture,Swine
0902,Agriculture,Tea
2206,Agriculture,Other fermented beverages
2401,Agriculture,Unmanufactured tobacco
0807,Agriculture,Melons and papayas
0101,Agriculture,Horses
4807,Agriculture,Uncoated composite paper
4704,Agriculture,"Chemical woodpulp, sulfite"
1202,Agriculture,Peanuts
1510,Agriculture,"Olive oil, blended"
4203,Agriculture,Leather apparel
2002,Agriculture,Tomatoes
4910,Agriculture,Calendars
1521,Agriculture,Vegetable waxes and beeswax
2209,Agriculture,Vinegars
4808,Agriculture,Corrugated paper and paperboard
4408,Agriculture,Sheets for veneering for plywood
1802,Agriculture,Cocoa residues
4901,Agriculture,"Books, brochures etc."
4503,Agriculture,Articles of natural cork
0503,Agriculture,Horsehair
4205,Agriculture,Other articles of leather
1805,Agriculture,Cocoa powder
0511,Agriculture,Animal products n.e.c.
4601,Agriculture,Products of plaiting materials
4421,Agriculture,Other articles of wood
0706,Agriculture,Carrots & turnips
1704,Agriculture,Confectionery sugar
1516,Agriculture,"Vegetable fats, hydrogenated"
1509,Agriculture,Olive oil
2104,Agriculture,Soups and broths
1106,Agriculture,Flour of dried legumes
4804,Agriculture,Uncoated kraft paper and paperboard
0508,Agriculture,Coral and shells
1804,Agriculture,Cocoa butter
0810,Agriculture,Other fresh fruit
2105,Agriculture,Ice cream
4818,Agriculture,Toilet paper
0509,Agriculture,Sponges of animal origin
4302,Agriculture,Other tanned furskins
1604,Agriculture,Prepared or preserved fish
2208,Agriculture,Spirits < 80% alcohol
4108,Agriculture,Chamois Leather
1002,Agriculture,Rye
4303,Agriculture,Furskin apparel
2305,Agriculture,Solid peanut residues
1105,Agriculture,Potato flour
2102,Agriculture,Yeasts
2101,Agriculture,Coffee extracts
0102,Agriculture,Bovine
4802,Agriculture,Paper used for graphic purposes
4814,Agriculture,Wallpaper
4909,Agriculture,Printed or illustrated postcards
0904,Agriculture,Pepper
0712,Agriculture,"Vegetables, dried"
0407,Agriculture,"Eggs, in shell"
4501,Agriculture,"Natural cork, raw"
0806,Agriculture,Grapes
1201,Agriculture,Soya beans
0208,Agriculture,Other meat
1204,Agriculture,Linseed
2307,Agriculture,Wine lees
1503,Agriculture,"Lard oil, tallow oil etc."
0502,Agriculture,Brushmaking hair
4813,Agriculture,Cigarette paper
2207,Agriculture,Ethyl alcohol > 80%
4820,Agriculture,Notebooks
0202,Agriculture,Beef (frozen)
0404,Agriculture,Whey
1103,Agriculture,Cereal meals
4206,Agriculture,Articles of gut
0910,Agriculture,Spices
1005,Agriculture,Corn
1003,Agriculture,Barley
4822,Agriculture,"Bobbins, spools, cops of paper"
1518,Agriculture,"Animal or vegetable fats and oils, processed"
0506,Agriculture,"Bones, simply prepared"
4705,Agriculture,Semichemical woodpulp
4401,Agriculture,Fuel wood
1205,Agriculture,Rape or colza seeds
4202,Agriculture,Trunks or cases
1519,Agriculture,Stearic acid
1702,Agriculture,Other sugars
2304,Agriculture,Solid soybean residues
1512,Agriculture,Sunflower seed oil
0603,Agriculture,Cut flowers
1213,Agriculture,Cereal straw and husks
4101,Agriculture,Raw hides of bovines or equines
0106,Agriculture,Other live animals
4416,Agriculture,"Casks, barrels, etc. of wood"
4504,Agriculture,Agglomerated cork
0813,Agriculture,"Fruits, dried"
0601,Agriculture,Flower bulbs
1603,Agriculture,Extracts and juices of meat or fish
1302,Agriculture,Vegetable saps and extracts
1101,Agriculture,Wheat or meslin flour
1602,Agriculture,Other prepared or preserved meat
4405,Agriculture,Wood wool or flour
0105,Agriculture,Fowl
2009,Agriculture,Fruit juices
2006,Agriculture,"Vegetables, fruits and nuts, preserved by sugar"
4902,Agriculture,"Newspapers, journals and periodicals"
1208,Agriculture,Flours of oil seeds
1522,Agriculture,Degras and wax residues
4110,Agriculture,Waste of leather
4801,Agriculture,Newsprint
0812,Agriculture,"Fruits and nuts, provisionally preserved"
0906,Agriculture,Cinnamon
2203,Agriculture,Beer
1402,Agriculture,Vegetable materials used as stuffing
0903,Agriculture,Mate
1212,Agriculture,Seaweeds & edible vegetable products
2003,Agriculture,"Mushrooms, prepared or preserved"
1513,Agriculture,Coconut & palm kernel oil
0905,Agriculture,Vanilla
4906,Agriculture,"Architectural, engineering, etc. drawings"
4109,Agriculture,Patent Leather
0201,Agriculture,Beef
2302,Agriculture,Cereal residues
1605,Agriculture,Prepared aquatic invertibrates
1007,Agriculture,Grain sorghum
0814,Agriculture,Peel of citrus fruit or melons
4107,Agriculture,Bovine leather further prepared
4413,Agriculture,Densified wood
4111,Agriculture,Composition leather
0410,Agriculture,"Edible animal products, n.e.c."
1001,Agriculture,Wheat and meslin
4402,Agriculture,Wood charcoal
1701,Agriculture,Sugarcane & sucrose
4706,Agriculture,Pulps of recovered paper fibers
0405,Agriculture,Butter
1209,Agriculture,Seeds used for sowing
0707,Agriculture,Cucumbers
2306,Agriculture,Solid vegetable oil and fat residues
1507,Agriculture,Soybean oil
4702,Agriculture,"Chemical woodpulp, dissolving grade"
4106,Agriculture,Tanned skins of other animals
0907,Agriculture,Cloves
4815,Agriculture,Floor coverings of paper
4204,Agriculture,Articles of leather for technical uses
1109,Agriculture,Wheat gluten
1203,Agriculture,Copra
2202,Agriculture,"Waters, flavored or sweetened"
1514,Agriculture,"Rapeseed, colza or mustard oil,"
1403,Agriculture,Vegetable materials used for brooms
6808,Stone,Panels of vegetable fibers
6812,Stone,Asbestos fibres
7107,Stone,Silver clad metals
6905,Stone,Architectural ceramic ornaments
7010,Stone,Glass containers for conveyance
7007,Stone,Safety glass
6914,Stone,Other ceramic articles
6813,Stone,Friction material and articles thereof
6902,Stone,"Bricks, tiles and similar refractory ceramic constructional goods"
7014,Stone,Signaling glassware
6901,Stone,"Bricks, blocks, and other ceramic goods"
7004,Stone,Drawn and blown glass
6814,Stone,Mica articles
7113,Stone,Precious Jewelry
6806,Stone,Mineral wools and insulating materials
6811,Stone,Asbestos-cement or cellulose fiber-cement
7012,Stone,Glass inners for vacuum flasks
7009,Stone,Glass mirrors
6815,Stone,Articles of stone or of other mineral substances
7016,Stone,Glass paving blocks or other molded products
7017,Stone,"Laboratory, hygienic or pharmaceutical glassware"
7102,Stone,Diamonds
6913,Stone,Ornamental ceramic articles
7117,Stone,Imitation jewelry
7106,Stone,Silver
7105,Stone,Diamond dust
7104,Stone,Synthetic precious stones
7019,Stone,Glass fibers
7020,Stone,Other articles of glass
6909,Stone,Tech Ceramics
7111,Stone,Platinum clad metals
7103,Stone,Precious stones
6908,Stone,Glazed ceramic flags and pavers
7110,Stone,Platinum
7013,Stone,Glassware for interior decorative use
6801,Stone,"Flagstones, of natural stone"
7108,Stone,Gold
7018,Stone,Glass beads
7005,Stone,Float glass
6810,Stone,"Articles of cement, of concrete or of artificial stone"
6907,Stone,Unglazed Ceramics
6804,Stone,Grindstones
6903,Stone,Other refractory ceramic goods
6904,Stone,Ceramic building bricks
7006,Stone,Worked glass
7001,Stone,Cullet and other scraps of glass
6803,Stone,Worked slate
7003,Stone,"Glass, cast or rolled"
6809,Stone,Plaster articles
7011,Stone,Glass envelopes
7116,Stone,Articles of precious stones
6910,Stone,"Ceramic sinks, washbasins, and similar sanitary fixtures"
6802,Stone,Worked building stone
7114,Stone,Goldsmith and silversmith wares
7002,Stone,Glass balls
7112,Stone,Scrap of precious metal
7015,Stone,Clock or watch glasses and similar glasses
6906,Stone,Ceramic pipes
6912,Stone,Ceramic household articles
7115,Stone,Other articles of precious metals
6911,Stone,Porcelain or china household articles
6807,Stone,Asphalt
7008,Stone,Multiple-walled insulating glass
7118,Stone,Coin
7101,Stone,Pearls
7109,Stone,Gold clad metals
6805,Stone,Natural or artificial abrasive powder
2505,Minerals,Natural sands
2619,Minerals,Iron or steel slag
2523,Minerals,Cements
2711,Minerals,Petroleum gases
2621,Minerals,Other slag and ash
2606,Minerals,Aluminum ore
2519,Minerals,Natural magnesia
2503,Minerals,"Sulphur, crude"
2714,Minerals,"Bitumen and asphalt, natural"
2502,Minerals,Unroasted iron pyrites
2708,Minerals,Pitch and pitch coke
2602,Minerals,Manganese > 47% by weight
2530,Minerals,Mineral substances n.e.c.
2511,Minerals,Natural barium sulfate
2501,Minerals,Salt
2707,Minerals,Oils etc. from high temperature coal tar
2512,Minerals,Siliceous fossil meals and earths
2521,Minerals,Limstone
2517,Minerals,Gravel
2516,Minerals,Granite
2710,Minerals,Refined Petroleum Oil
2506,Minerals,Quartz
2515,Minerals,Marble
2504,Minerals,Natural graphite
2601,Minerals,Iron ores and concentrates
2518,Minerals,Dolomite
2508,Minerals,Clays
2618,Minerals,Granulated iron or steel slag
2608,Minerals,Zinc ore
2522,Minerals,Quicklime
2610,Minerals,Chromium ore
2703,Minerals,Peat
2526,Minerals,Natural steatite
2615,Minerals,Zirconium ore
2525,Minerals,Mica
2603,Minerals,Copper ore
2713,Minerals,Petroleum coke
2607,Minerals,Lead ore
2701,Minerals,Coal
2614,Minerals,Titanium ore
2715,Minerals,Bituminous mixtures
2617,Minerals,Other ores
2507,Minerals,Kaolin
2704,Minerals,Coke
2712,Minerals,Petroleum jelly
2616,Minerals,Precious metal ores
2520,Minerals,Gypsum
2620,Minerals,"Slag, ash and residues containing metals"
2524,Minerals,Asbestos
2509,Minerals,Chalk
2716,Minerals,Electrical energy
2709,Minerals,"Petroleum oils, crude"
2529,Minerals,Feldspar
2514,Minerals,Slate
2706,Minerals,"Tar distilled from coal, lignite etc."
2604,Minerals,Nickel ore
2510,Minerals,Natural calcium phosphates
2705,Minerals,Non-petrol Gas
2528,Minerals,Natural borates
2513,Minerals,Natural abrasives
2609,Minerals,Tin ore
2605,Minerals,Cobalt ore
2613,Minerals,Molybdenum ore
2702,Minerals,Lignite
2612,Minerals,Uranium ore
2611,Minerals,Tungsten ore
2527,Minerals,Natural cryolite
8302,Metals,"Base metal mountings, fittings and similar articles"
7907,Metals,Other articles of zinc
8311,Metals,Wire etc. used for welding
7403,Metals,Refined copper and copper alloys
8203,Metals,"Pliers, pincers and other metal handtools"
7204,Metals,Ferrous waste and scrap
7507,Metals,Nickel Pipes
8304,Metals,"Paper trays and similar office equipment, of base metal"
7613,Metals,Aluminum containers for compressed or liquefied gas
7508,Metals,Other articles of nickel
7315,Metals,Chain of iron or steel
8303,Metals,Safes
8212,Metals,Razors
7802,Metals,Lead waste or scrap
7314,Metals,Cloth of iron or steel wire
7410,Metals,Copper foil < 0.15 mm thick
8213,Metals,Scissors
8208,Metals,Knives and blades for machines
8305,Metals,"Paper clips and similar office articles, of metal"
7324,Metals,Sanitary ware and parts of iron or steel
8301,Metals,Padlocks and locks
7606,Metals,Aluminum plates > 0.2 mm
8108,Metals,Titanium
8003,Metals,Tin bars and wire
7209,Metals,"Flat-rolled iron, width > 600mm, cold-rolled, not clad"
8210,Metals,"Hand-operated appliances, food preparation, <10kg"
7604,Metals,Aluminum bars
7409,Metals,"Copper plates, sheets and strip > 0.15 mm"
7221,Metals,"Bars of stainless steel, hot-rolled"
8307,Metals,Flexible tubing of base metal
7605,Metals,Aluminum wire
8214,Metals,Other cutlery
8308,Metals,"Clasps, buckles etc. of metal"
7206,Metals,Iron and nonalloy steel
8106,Metals,Bismuth
7203,Metals,Ferrous products from the reduction of iron ore
7318,Metals,Screws and similar articles of iron or steel
7210,Metals,"Flat rolled iron, width > 600mm, clad"
7208,Metals,"Flat-rolled iron, width > 600mm, hot-rolled, not clad"
8201,Metals,Handtools for gardening
7603,Metals,Aluminum powders
7218,Metals,Stainless steel in ingots
7404,Metals,Copper waste and scrap
8309,Metals,"Stoppers, caps and lids of metal"
7407,Metals,"Copper bars, rods and profiles"
7608,Metals,Aluminum tubes and pipes
7325,Metals,Other cast articles of iron or steel
7319,Metals,Articles for sewing of iron or steel
7418,Metals,Household articles of copper
7610,Metals,"Aluminum structures (bridges, towers etc)"
7602,Metals,"Waste or scrap, aluminium"
7222,Metals,Other bars and rods of stainless steel
7615,Metals,Household articles of aluminum
8206,Metals,Retail tool sets
7321,Metals,Stoves and similar non-electric appliances of iron or steel
7803,Metals,"Lead bars, rods, profiles and wire"
7202,Metals,Ferroalloys
8102,Metals,Molybdenum
7901,Metals,Unwrought zinc
7406,Metals,Copper powders and flakes
7317,Metals,Nails and similar articles of iron or steel
7215,Metals,Other bars and rods of iron or nonalloy steel
8215,Metals,Cutlery
7416,Metals,Copper Springs
7801,Metals,Lead refined unwrought
7307,Metals,Tube or pipe fittings of iron or steel
7415,Metals,Screws and similar articles of copper
7229,Metals,Wire of other alloy steel
7310,Metals,"Tanks etc. < 300 liters, iron or steel"
7228,Metals,Other bars and rods of other alloy steel
7311,Metals,Containers for compressed or liquified gas
8007,Metals,Other articles of tin
7320,Metals,Springs of iron or steel
7226,Metals,"Flat-rolled products of other alloy steel, width < 600 mm"
7607,Metals,Aluminum foil < 0.2 mm
8211,Metals,Knife sets
8101,Metals,Tungsten (wolfram)
8205,Metals,Hand tools n.e.c.
7804,Metals,Lead foil <2mm
7408,Metals,Copper wire
8209,Metals,"Articles for utensils, of cermet"
8001,Metals,Unwrought tin
7609,Metals,Aluminum tube or pipe fittings
8113,Metals,Cermets
7322,Metals,Radiators for central heating of iron or steel
7411,Metals,Copper tubes and pipes
8306,Metals,"Ornaments, statuettes, etc. of metal"
8207,Metals,Interchangeable tools for hand tools
7806,Metals,Other articles of lead
7211,Metals,"Flat-rolled iron, width < 600mm, not clad"
7219,Metals,Flat-rolled products of stainless steel of a width > 600 mm
7308,Metals,"Structures and their parts, of iron or steel"
7413,Metals,"Copper wire, uninsulated"
7227,Metals,Bars of other alloy steel
7323,Metals,Household articles of iron or steel
7502,Metals,Nickel unwrought
7902,Metals,Zinc waste and scrap
7304,Metals,"Tubes, seamless, of iron or steel"
7216,Metals,Angles of iron or nonalloy steel
8103,Metals,Tantalum
7217,Metals,Wire of iron or nonalloy steel
7402,Metals,Unrefined copper
7904,Metals,Zinx bars and wire
7312,Metals,"Wire of iron or steel, not insulated"
7220,Metals,Flat-rolled products of stainless steel of a width < 600 mm
7207,Metals,Semifinished products of iron or nonalloy steel
7305,Metals,"Other tubes and pipes, diameter > 406.4 mm, of iron or steel"
7326,Metals,Other articles of iron or steel
7212,Metals,"Flat-rolled iron, width < 600mm, clad"
7306,Metals,"Other tubes, pipes and hollow profiles of iron or steel"
7611,Metals,"Aluminum containers, >300 liters"
7614,Metals,"Aluminum wire, not insulated"
8107,Metals,Cadmium
8002,Metals,Tin waste and scrap
7225,Metals,"Flat-rolled products of other alloy steel, width > 600 mm"
8005,Metals,"Tin foil, thickness < 0.2 mm"
7412,Metals,Copper tube or pipe fittings
8104,Metals,Magnesium
7505,Metals,"Nickel bars, wire etc."
8112,Metals,Other metals
8310,Metals,Sign plates and similar plates of base metal
8109,Metals,Zirconium
7506,Metals,Nickel plates
7302,Metals,Railway construction material of iron or steel
7616,Metals,Other articles of aluminum
8111,Metals,Manganese
7501,Metals,Nickel mattes
7905,Metals,Zinc plates and foil
7405,Metals,Master alloys of copper
8202,Metals,Handsaws
7313,Metals,Barbed wire of iron or steel
7213,Metals,Hot rolled bars of iron
7419,Metals,Other articles of copper
7601,Metals,Unwrought aluminum
7316,Metals,Anchors of iron or steel
7309,Metals,"Tanks etc. > 300 liters, iron or steel"
7503,Metals,Nickel waste and scrap
7401,Metals,Copper mattes
8105,Metals,Cobalt
8110,Metals,Antimony
7223,Metals,Wire of stainless steel
7414,Metals,Endless bands of copper wire for machinery
7504,Metals,Nickel powders
7205,Metals,Powders of iron or steel
7906,Metals,"Zinc tubes, pipes and tube or pipe fittings"
8204,Metals,Wrenches
7224,Metals,Other alloy steel in primary form
7301,Metals,Sheet piling of iron or steel
7612,Metals,"Aluminum containers, <300 liters"
7303,Metals,Tubes of cast iron
8004,Metals,"Tin plates, sheets and strips, thickness > 0.2 mm"
7903,Metals,Zinc powders
7214,Metals,"Other bars of iron, not further worked than forged"
7201,Metals,Pig iron
7417,Metals,Copper cooking products
7805,Metals,"Lead tubes, pipes and fittings"
8006,Metals,Tin Pipes
3919,Chemicals,Self-adhesive plastic sheets
3002,Chemicals,Serums and vaccines
3502,Chemicals,Albumins
3911,Chemicals,Petroleum resins
3806,Chemicals,Rosin and resin acids
2839,Chemicals,Silicates
3209,Chemicals,"Paints and varnishes, aqueous"
2942,Chemicals,Other organic compounds
3006,Chemicals,Pharmaceutical goods
2825,Chemicals,"Metal base oxides, n.e.c."
3822,Chemicals,Diagnostic or laboratory reagents
3305,Chemicals,Hair products
3004,Chemicals,Packaged Meds
2933,Chemicals,Heterocyclic compounds with nitrogen hetero-atom(s) only
3208,Chemicals,"Paints and varnishes, nonaqueous"
2925,Chemicals,Carboxyimide-function compounds
4006,Chemicals,Unvulcanized rubber rods
3924,Chemicals,Plastic household articles
4009,Chemicals,Vulcanized rubber tubes
3104,Chemicals,Potassic fertilizers
3913,Chemicals,Natural polymers
3707,Chemicals,Chemical preparations for photographic uses
3205,Chemicals,Color lakes
3003,Chemicals,"Medicaments, not packaged"
2906,Chemicals,Cyclic alcohols
3922,Chemicals,"Baths, sinks etc."
2940,Chemicals,"Other sugars, chemically pure"
2905,Chemicals,Acyclic alcohols
2904,Chemicals,"Sulfonated, nitrated derivatives of hydrocarbons"
2804,Chemicals,Silicon & rare gases
4013,Chemicals,Rubber inner tubes
2817,Chemicals,Zinc oxide or peroxide
3808,Chemicals,"Insecticides, rodenticides, fungicides, etc."
3816,Chemicals,Refractory cements
2850,Chemicals,"Hydrides, nitrides, azides, silicides and borides"
2806,Chemicals,Hydrochloric acid
2841,Chemicals,Oxometallic Salts
3405,Chemicals,Polishes and creams
2941,Chemicals,Antibiotics
2803,Chemicals,Carbon
2844,Chemicals,Uranium
2920,Chemicals,Esters of other inorganic acids of nonmetals
2901,Chemicals,Acyclic hydrocarbons
2918,Chemicals,Carboxylic acids with additional oxygen function
3504,Chemicals,Peptones
3507,Chemicals,Enzymes
3306,Chemicals,Dental hygiene products
4010,Chemicals,Conveyor belts of vulcanized rubber
3915,Chemicals,Plastic waste
3103,Chemicals,Phosphatic fertilizers
3925,Chemicals,Plastic builders' ware
2830,Chemicals,Sulfides; polysulfides
3910,Chemicals,Silicones in primary forms
2802,Chemicals,"Sulfur, sublimed or precipitated"
3215,Chemicals,Ink
2938,Chemicals,Glycosides
2824,Chemicals,Lead oxides
3905,Chemicals,Polymers of vinyl acetate
3206,Chemicals,Other coloring matter
3812,Chemicals,Stabilizers for rubber or plastic
4016,Chemicals,Other articles of vulcanized rubber
4007,Chemicals,Vulcanized rubber thread and cord
3923,Chemicals,Packing lids
4015,Chemicals,Vulcanized rubber articles of apparel
3101,Chemicals,Animal or vegetable fertilizers
2926,Chemicals,Nitrile-function compounds
3813,Chemicals,Preparations for fire extinguishers
3907,Chemicals,Polyacetals
3304,Chemicals,Make-up preparations
2917,Chemicals,Polycarboxylic acids
2921,Chemicals,Amine-function compounds
2929,Chemicals,Isocyanates
3602,Chemicals,"Prepared explosives, except gunpowder"
3902,Chemicals,Polymers of propylene
3407,Chemicals,Modeling pastes
3703,Chemicals,Photographic paper
2829,Chemicals,Sodium chlorate
2807,Chemicals,"Sulfiric acid, oleum"
3801,Chemicals,Artificial graphite
3810,Chemicals,Pickling preparations for metal surfaces
3926,Chemicals,Other articles of plastic
3802,Chemicals,Activated carbon
3921,Chemicals,"Other plastic plates, sheets etc."
2915,Chemicals,Saturated acyclic monocarboxylic acids
3811,Chemicals,Anti-knock
3818,Chemicals,Electronic Chemicals
3603,Chemicals,Detonators
3402,Chemicals,Cleaning products
2939,Chemicals,Vegetable alkaloids
3819,Chemicals,Hydraulic fluids
3805,Chemicals,Turpentines
3606,Chemicals,Ferrocerium and other pyrophoric alloys
2851,Chemicals,"Inorganic compounds, liquid or compressed air"
2848,Chemicals,Phosphides
2935,Chemicals,Sulfonamides
3821,Chemicals,Prepared culture media for micro-organisms
3303,Chemicals,Perfumes
2827,Chemicals,"Chlorides, bromides, iodides etc."
3809,Chemicals,Finishing agents
2842,Chemicals,Other salts of acids
2815,Chemicals,Sodium hydroxide
2845,Chemicals,Non-radioactive isotopes
2836,Chemicals,Carbonates
3302,Chemicals,Mixtures of odoriferous subtances
3906,Chemicals,Acrylic polymers
2809,Chemicals,Phosphoric acid etc.
3505,Chemicals,Dextrins and other modified starches
2812,Chemicals,Halides of nonmetals
3804,Chemicals,Residual lyes
3401,Chemicals,Soap
4011,Chemicals,New pneumatic tires of rubber
3807,Chemicals,Wood tar and oils
2813,Chemicals,Sulfides of nonmetals
3406,Chemicals,Candles
2907,Chemicals,"Phenols, phenol-alcohols"
2928,Chemicals,Organix derivatives of hydrazine
2922,Chemicals,Oxygen-function amino-compounds
4008,Chemicals,Vulcanized rubber plates
2924,Chemicals,Carboxyamide-function compounds
2810,Chemicals,Oxides of boron; boric acids
4002,Chemicals,Synthetic rubber
3916,Chemicals,Monofilament
2909,Chemicals,Ethers
3212,Chemicals,"Pigments, nonaqueous"
3908,Chemicals,Polyamides
3202,Chemicals,Synthetic tanning substances
2832,Chemicals,Sulfites
3823,Chemicals,Industrial monocarboxylic fatty acids
2801,Chemicals,Iodine
2911,Chemicals,Acetals and hemiacetals
2847,Chemicals,Hydrogen peroxide
3604,Chemicals,Fireworks
2919,Chemicals,Phosporic esters
2822,Chemicals,Cobalt oxides and hydroxides
3702,Chemicals,Photographic film in rolls
3503,Chemicals,Gelatin
2808,Chemicals,Sulfonitric acids
3403,Chemicals,Lubricants
4014,Chemicals,Rubber hygenic or pharmeceutical items
3909,Chemicals,Amino-resins
2821,Chemicals,Iron oxides and hydroxides
3506,Chemicals,Glues and adhesives
3201,Chemicals,Vegetable tanning extracts
2834,Chemicals,"Nitrites, nitrates"
2914,Chemicals,Ketones and quinones
2843,Chemicals,Precious Compounds
2820,Chemicals,Manganese oxides
2818,Chemicals,Aluminum oxide
3005,Chemicals,"Wadding, gauze and bandages"
2828,Chemicals,Hyopchlorites
3301,Chemicals,Essential oils
3105,Chemicals,Mixed fertilizers
3917,Chemicals,Plastic tubes and fittings
4012,Chemicals,Used pneumatic tires of rubber
3817,Chemicals,Mixed alkylbenzenes
2910,Chemicals,Epoxides
2835,Chemicals,Phosphates
3920,Chemicals,"Other plates of plastics, noncellular and not reinforced"
2823,Chemicals,Titanium oxides
3903,Chemicals,Polymers of styrene
3601,Chemicals,Propellant powders
3102,Chemicals,Nitrogenous fertilizers
2805,Chemicals,Rare-earth metals
3814,Chemicals,Organic composite solvents and thinners
3001,Chemicals,Heparin for therapeutic use
2916,Chemicals,Unsaturated acyclic monocarboxylic acids
3307,Chemicals,Toiletries
3605,Chemicals,Matches
3704,Chemicals,"Photographic film, not developed"
2849,Chemicals,Carbides
3701,Chemicals,Photographic plates
2833,Chemicals,Sulfates
2936,Chemicals,Vitamins
2912,Chemicals,Aldehydes
2937,Chemicals,Hormones
3904,Chemicals,Polymers of vinyl chloride
3203,Chemicals,Coloring matter of animal or vegetable origin
2934,Chemicals,Nucleic acids and their salts
3914,Chemicals,Ion-exchangers based on polymers
4005,Chemicals,Compounded rubber
2837,Chemicals,Cyanides
3912,Chemicals,Cellulose n.e.c.
3204,Chemicals,Synthetic organic coloring matter
2816,Chemicals,Hydroxides or peroxides of magnesium
3901,Chemicals,Polymers of ethylene
2840,Chemicals,Borates
2902,Chemicals,Cyclic hydrocarbons
2811,Chemicals,Other inorganic acids
2826,Chemicals,Flourides
2819,Chemicals,Chromium oxides and hydroxides
2903,Chemicals,Halogenated derivatives of hydrocarbons
2846,Chemicals,Compounds of rare-earth metals
3705,Chemicals,Photo Film
3820,Chemicals,Antifreezing preparation
2814,Chemicals,Ammonia
4001,Chemicals,Natural rubber
2927,Chemicals,"Diazo-, azo-, or azoxy-compounds"
3211,Chemicals,Prepared driers
2932,Chemicals,Heterocyclic compounds with oxygen hetero-atom(s) only
3207,Chemicals,Prepared pigments
3213,Chemicals,Artists' colors
3815,Chemicals,Catalytic preparations
4017,Chemicals,Hard rubber
3918,Chemicals,Plastic floor coverings
2931,Chemicals,Other organo-inorganic compounds
3210,Chemicals,Other paints and varnishes
2908,Chemicals,Derivatives of phenols
2930,Chemicals,Organo-sulfur compounds
3214,Chemicals,Glaziers' putty
3501,Chemicals,Casein
4004,Chemicals,Scrap of rubber
3803,Chemicals,Tall oil
4003,Chemicals,Reclaimed rubber
2831,Chemicals,Dithionites and sulfoxylates
2923,Chemicals,Quaternary ammonium salts and hydroxides
2913,Chemicals,Derivatives of aldehydes
3706,Chemicals,Motion-picture film
3404,Chemicals,Artificial and prepared waxes
2838,Chemicals,"Fulminates, cyanates and thiocyanates"
8906,Vehicles,Other vessels
8608,Vehicles,Railway track fixtures
8705,Vehicles,Special purpose motor vehicles
8604,Vehicles,Railway service vehicles
8804,Vehicles,Parachutes
8714,Vehicles,Parts of motorcycles or wheelchairs
8605,Vehicles,"Railway coaches, not self-propelled"
8904,Vehicles,Tugs and pusher craft
8607,Vehicles,Parts of railway locomotives
8802,Vehicles,Other aircraft and spacecraft
8902,Vehicles,Fishing vessels
8907,Vehicles,Other floating structures
8711,Vehicles,Motorcycles
8803,Vehicles,Parts of other aircraft
8702,Vehicles,Buses
8701,Vehicles,Tractors
8602,Vehicles,Other rail locomotives
8703,Vehicles,Cars
8707,Vehicles,Vehicle Bodies
8706,Vehicles,Vehicle chassis fitted with engines
8709,Vehicles,Work trucks
8901,Vehicles,Cargo ships and similar vessels
8903,Vehicles,Pleasure or sport boats
8716,Vehicles,Trailers and semi-trailers
8713,Vehicles,Wheelchairs
8908,Vehicles,Floating structures for scrapping
8715,Vehicles,Baby carriages
8905,Vehicles,"Special function vessels, n.e.c."
8609,Vehicles,Containers for multimodal transportation
8704,Vehicles,Motor vehicles for transporting goods
8601,Vehicles,Electric trains
8801,Vehicles,"Gliders, hang gliders"
8708,Vehicles,Vehicle Parts
8805,Vehicles,Aircraft launching gear
8606,Vehicles,"Railway cars, not self-propelled"
8712,Vehicles,Bicycles
8710,Vehicles,Tanks and other armored fighting vehicles
8603,Vehicles,Self-propelled railway coaches
8452,Machinery,Sewing machines
8453,Machinery,Machinery for preparing leather
9028,Machinery,"Gas, liquid or electricity meters"
9607,Machinery,Slide fasteners
8456,Machinery,Laser Machines
8460,Machinery,Machines with grinding stones for finishing metal
9506,Machinery,Sports equipment
9016,Machinery,Balances of a sensitivity < 50 milligram
8463,Machinery,"Other machine tools for working metal, without removal"
9301,Machinery,"Military weapons, other than pistols and swords"
9307,Machinery,Swords
8470,Machinery,"Cash registers, calculators, etc."
9618,Machinery,Mannequins
9113,Machinery,Watch straps
9205,Machinery,"Musical instruments, wind"
8451,Machinery,Machinery for processing fabrics
8414,Machinery,"Pumps, compressors, fans, etc."
8440,Machinery,Bookbinding machinery
8468,Machinery,Machinery for soldering
8411,Machinery,Gas turbines
9502,Machinery,Dolls
8465,Machinery,Machine tools for working wood
8413,Machinery,Pumps for liquids
8454,Machinery,Machines used in metallurgy
8466,Machinery,Parts and accessories for metal working machines
9609,Machinery,"Pencils, crayons, pastels, etc."
8415,Machinery,Air conditioners
8464,Machinery,Machine tools for working stone
8423,Machinery,Weighing machinery
9110,Machinery,"Clock movements, complete, unassembled"
8443,Machinery,Printers and copiers
8461,Machinery,Other machine tools for planing and cutting metals
9024,Machinery,Machines for testing the mechanical properties of materials
8457,Machinery,Machining centers for working metal
8455,Machinery,Metal-rolling mills
8416,Machinery,Furnace burners
9033,Machinery,Other parts for machines and appliances
8432,Machinery,Machinery for soil preparation or cultivation
9114,Machinery,Other clock or watch parts
8429,Machinery,"Self-propelled bulldozers, excavators and road rollers"
8480,Machinery,Molding boxes for metal foundry
8473,Machinery,Parts and accessories for office machines
9017,Machinery,Drafting tables and machines
8410,Machinery,"Hydraulic turbines, water wheels and regulators"
8434,Machinery,Dairy machinery
8482,Machinery,Ball or roller bearings
8484,Machinery,Gaskets and similar joints of metal sheeting
9504,Machinery,Games
8402,Machinery,Steam boilers
8445,Machinery,Machines for preparing textile fibers
9304,Machinery,"Other arms (air guns, truncheons, etc.)"
8458,Machinery,Lathes for removing metal
9303,Machinery,Other firearms
9602,Machinery,Worked vegetable or mineral carving material
8424,Machinery,Sprays and powder dispersers
8483,Machinery,Transmission shafts
8448,Machinery,Auxiliary machinery for use with knitting and textile machines
9503,Machinery,Toys
8405,Machinery,Water gas generators
8467,Machinery,"Tools for hand working, pneumatic, hydraulic motors"
9012,Machinery,"Microscopes, other than optical"
9108,Machinery,"Watch movements, complete"
8459,Machinery,Machine tools for drilling by removing metal
9202,Machinery,"Musical instruments, string"
9014,Machinery,Navigational instruments
9617,Machinery,Vacuum vessels
9025,Machinery,"Thermometers, hydrometers etc."
8479,Machinery,Machines n.e.c.
9505,Machinery,Christmas and other festivity articles
8428,Machinery,Other lifting machinery
9306,Machinery,Munitions of war
9020,Machinery,Other breathing appliances and gas masks
8474,Machinery,Machinery for working minerals
8462,Machinery,Machine tools for molding and forging metals
9608,Machinery,Pens
9106,Machinery,Apparatus for measuring intervals of time
9611,Machinery,Hand-operated stamps
9603,Machinery,Brooms and mops
8408,Machinery,Compression-ignition internal combustion piston engines
8485,Machinery,"Machinery parts, not containing electrical features, n.e.c."
8422,Machinery,Dishwashers
9006,Machinery,Photographic cameras
9111,Machinery,Watch cases and parts
9022,Machinery,X-ray machines
9031,Machinery,Measuring instruments
9606,Machinery,Buttons
9011,Machinery,Optical microscopes
9112,Machinery,Clock cases
8435,Machinery,Machines for wine and juice production
8417,Machinery,Industrial furnaces
8412,Machinery,Other engines and motors
8409,Machinery,Parts suitable for use with spark-ignition engines
8430,Machinery,"Other moving, excavating or boring machinery"
9208,Machinery,"Other musical instruments, n.e.c."
9601,Machinery,Worked animal carving material
9107,Machinery,Time switches
8450,Machinery,Household- or laundry-type washing machines
9508,Machinery,Fairground amusements
9004,Machinery,Glasses
9616,Machinery,Scent sprays
9507,Machinery,Fishing and hunting equipment
9010,Machinery,Photo Lab Equipment
8437,Machinery,Machinery for processing grain
9101,Machinery,Watches with precious metal
8421,Machinery,Centrifuges
9002,Machinery,Lenses and other optical elements
9003,Machinery,"Frames for spectacles, goggles"
8446,Machinery,Looms
8425,Machinery,Pulleys and winches
9001,Machinery,Optical fibers
9612,Machinery,Typewriter ribbons and ink pads
8472,Machinery,Other office machines
9501,Machinery,"Rideable wheeled toys, dolls carriages"
8427,Machinery,Fork-lift trucks
9201,Machinery,Pianos
9023,Machinery,Instruments designed for demonstrational purposes
9203,Machinery,"Harmoniums, pipe organs, etc"
8406,Machinery,Steam turbines
8426,Machinery,Ships' derricks; cranes
9109,Machinery,"Clock movements, complete"
8441,Machinery,Other machinery for making paper
8404,Machinery,Auxiliary parts for use with boilers
9614,Machinery,Smoking pipes
8471,Machinery,Computers
8447,Machinery,Knitting machines
9015,Machinery,Surveying instruments
9021,Machinery,Orthopedic appliances
8407,Machinery,Spark-ignition reciprocating internal combustion piston engines
9305,Machinery,Parts of military weapons
8478,Machinery,Machinery for preparing tobacco
8418,Machinery,"Refrigerators, freezers"
9009,Machinery,Electrostatic photo-copyers
8419,Machinery,Equipment for temperature change of materials
9207,Machinery,"Musical instruments, electric"
9030,Machinery,Instruments for measuring electricity
9019,Machinery,Therapy applicances
8442,Machinery,Machinery for making printing components
8439,Machinery,Machinery for making paper
9604,Machinery,Hand sieves and riddles
9018,Machinery,Medical instruments
9027,Machinery,Instruments for physical or chemical analysis
9007,Machinery,Cinematographic cameras and projectors
9005,Machinery,Binoculars and telescopes
8420,Machinery,Calendering Machines
8444,Machinery,Textile Machines
9209,Machinery,Parts of musical instruments
9605,Machinery,Travel sets
9032,Machinery,Automatic regulating instruments
9102,Machinery,Watches
8469,Machinery,Word processing machines
8403,Machinery,Central heating boilers
8401,Machinery,Nuclear reactors and related equipment
9105,Machinery,Other clocks
9008,Machinery,Still image projectors
9029,Machinery,Meters
9610,Machinery,"Slates and boards, with writing or drawing surfaces"
8438,Machinery,Machinery for the industrial preparation of food or drink
9613,Machinery,Cigarette lighters
8433,Machinery,Harvesting or agricultural machinery
8481,Machinery,Thermostat Valves
9104,Machinery,Instrument panel clocks for vehicles
9013,Machinery,Liquid crystal devices
9026,Machinery,Instruments for measuring properties of liquids or gases
8475,Machinery,Machines for assembling electric lamps
9302,Machinery,Revolvers and pistols
9103,Machinery,Clocks with watch movements
8431,Machinery,Parts for use with hoists and excavation machinery
9615,Machinery,"Combs, hair-slides etc."
8449,Machinery,Machinery to manufacture felt
8436,Machinery,Other agricultural machinery
8476,Machinery,Automatic goods-vending machines
9204,Machinery,Accordions and similar instruments
8477,Machinery,Machinery for working rubber or plastics
9206,Machinery,"Musical instruments, percussion"
8530,Electronics,Electric signal and traffic controls
8543,Electronics,Electrical machines with individual functions n.e.c.
8509,Electronics,Electromechanical domestic appliances
8506,Electronics,Primary cells and primary batteries
8545,Electronics,Carbon articles for eletrical purposes
8508,Electronics,Vacuum cleaners
8547,Electronics,Insulating fittings for electrical machines
8535,Electronics,Electrical apparatus for > 1k volts
8502,Electronics,Electric generating sets and rotary converters
8518,Electronics,Microphones
8507,Electronics,Batteries
8532,Electronics,Electrical capacitors
8540,Electronics,"Thermionic, cold cathode or photocathode tubes"
8538,Electronics,Parts for electrical apparatus
8539,Electronics,Electrical filament
8531,Electronics,Electric sound or visual signaling apparatus
8501,Electronics,Electric motors and generators
8522,Electronics,Parts and accessories for video or sound equipment
8515,Electronics,Electric soldering machines
8516,Electronics,Electric heaters
8541,Electronics,Semiconductor devices
8526,Electronics,Radar
8521,Electronics,Video recording apparatus
8523,Electronics,Sound storage media
8514,Electronics,Industrial electric furnaces
8512,Electronics,Electrical lighting equipment used for motor vehicles
8544,Electronics,Insulated electrical wire
8517,Electronics,Telephones
8524,Electronics,"Tapes, cassettes, records and compact disks"
8546,Electronics,Electrical insulators of any material
8527,Electronics,Reception apparatus for radio broadcasting
8503,Electronics,Parts for use with electric generators
8537,Electronics,Electrical boards
8548,Electronics,Waste and scrap of batteries
8525,Electronics,"Transmission apparatus for radio, telephone and TV"
8520,Electronics,Magnetic tape recorders
8505,Electronics,Electromagnets
8533,Electronics,Electrical resistors
8504,Electronics,Electrical transformers
8542,Electronics,Electronic integrated circuits
8536,Electronics,Electrical apparatus for < 1k volts
8519,Electronics,Sound reproducing apparatus
8513,Electronics,Portable electric lamps
8529,Electronics,"Parts of radios, telephones, and T.V.s"
8528,Electronics,Monitors and projectors
8511,Electronics,Electrical ignition equipment
8510,Electronics,Electric shavers and hair clippers
8534,Electronics,Electronic printed circuits
